name,zip,phone,email,country
B-LK-A.x7+irAdqbZx9VpUf2qfwmgzN5BBF3hujfEigikY(, 01821, B-LM-A.j3TOvoqNTbAw:A3BAB5vp3o7QIEzor39cK+5sA), B-LL-A.BOaUllZmVEg2Qs07Ggxkq9r8s92v6fwiYg3:VpvA39EEfg), GB,
B-LK-A.wqasrgN:bYJ:TJMDwKangoiOJUuJh6yDfP1e6cvq, 02143, B-LM-A.iHHNvo+ISrA0:gfDi0Ksd4ABExtRH+Qrpv4L7w), B-LL-A.G+yZhFBze109Y8UzFwQ6qdqmqflau1d21sn6+Q1v7sno+7XwPg), CH,
B-LK-A.wbCnrEtHKKZ1V7eRvklu4AWI1MLWWPwqpKI(, 12345, B-LM-A.iHHNvo+IS7Az:gbMdKw6K1Q9JKkbrZ5BtFiMHQ), B-LL-A.GuKfkVZre0MjQs4LExErqM:korJAdG0KOHKgV6MnRKQR2AwfeRRG, GB,
B-LK-A.zLio6SNqIaF5VpXSRy6ocIrT:W:5wZ4VeO5y, 98823, B-LM-A.i3XPvoyLTLAy+AjMfUepf6RDlW2L3iZv+aA9Cg), B-LL-A.C+CdiUZxdW0rW8EmBgUv69Hts7y5YfTOKYYc4E0HQMLuGVg(, CH,
B-LK-A.zbSppRIrBrBsS44E5Gr3Pm9n3LG8BYXkSTcsZA), 12345, B-LM-A.iHHNvomASbAx+Q3HCMexj2Y0TB9x+JWkedA8JA), B-LL-A.C:yJlF16Z14sY8UzFwQ6qdqmqflayqdH2wzFvqguikYP35b54w), GB,
B-LK-A.zbSzoAUrALBwS48TFT39G:gzVxnyEizAFvbD2w), 12345, B-LM-A.iHHNvo+KS7A0:QvBkS1QHK8Z0s5RPsr2fydEbA), B-LL-A.CuaVllp6eUIgUNQuBCkvvd7lt:BLP3eJ+NPqj1yC2S5VA6UWzGrKscY(, CH,
B-LK-A.y7imoQpuIfFPR44CwPx7HCu4me67phYt+dg76j0(, 12345, B-LM-A.iHHNvoeAT7A1:QvBh8P53GRwXqdCb9xwLFM3HQ), B-LL-A.Guqbj11fcVUvTtAnE0ckoMuMUCnr2YNp3rkkWvKTqdxs, GB,
B-LK-A.yaKmqBkrALBuUIgY0bn:R6Wtugnmwbq7TeRLfEKQ, 12345, B-LM-A.iHHNvouNTbAy+wrBrPOn+4PZLK6uPuilscDkLw), B-LL-A.COqOiFJzeFQORtgqGxkmoJHmoujZDB5cVngItx7QcJwGY:Ku, CH,
B-LK-A.1rCo6SluKKJwXT20RLJa+anMF7x1WXnfozM(, 02474, B-LM-A.iHTBvoyJS7A+9w:F3y:npniGHwPG2Uj8Ye:upA), B-LL-A.GeiXjVJyVEg2Qs07Ggxkq9r8udq4Uv8ZzXpG9rXN:x1K9Q), US,
B-LK-A.1Kikp0tDIqZ9VoW+4apxh:mbQ93IYi8TVcUO, 88642, B-LM-A.j3PMvomNTLA1+QbMfcX1vjm0R9hBsX1lFmYxIA), B-LL-A.HeyXjXN6bEwjU8wuWAcvseaQ:Wxk:4JebQ54HH4Jthw(, CH,
B-LK-A.0r6nsEtNIbRyQIQEx6yoJgTjCPpMlxk3D2EDrOGV8A), 99891, B-LM-A.iHHNvoyPQLA39gjEbNrpjGRmsIMQE094V2uj8g), B-LL-A.HeGfilxtZ1kORtgqGxkmoJHmougDRiK0U1JZhcW8WfjZt1wM, US,
